{
    "alpha": 4.0575582477670125,
    "G": 0.915965594177219,
    "charged_leptons": {
        "electron": {
            "derived": 0.51168,
            "observed": 0.510999,
            "error_pct": 0.133
        },
        "muon": {
            "derived": 105.78,
            "observed": 105.658,
            "error_pct": 0.115
        },
        "tau": {
            "derived": 1776.12,
            "observed": 1776.86,
            "error_pct": 0.042
        }
    },
    "pmns_theta12_deg": 33.424656456599486,
    "higgs_mass_GeV": 125.72456710174339,
    "w_mass_GeV": 81.30313107560146,
    "z_mass_GeV": 92.69293760586905,
    "yukawa_raw": [
        [
            0.9999999999999999,
            0.8268123466926302,
            0.6337311524192919
        ],
        [
            0.8268123466926302,
            1.0,
            0.9392296472159105
        ],
        [
            0.6337311524192919,
            0.9392296472159105,
            1.0000000000000002
        ]
    ]
}