{
    "version": "7.1",
    "alpha": 4.0575582477670125,
    "G": 0.915965594177219,
    "sigma0": 0.3535533905932738,
    "higgs_proxy": 126.13310027317665,
    "timestamp": "2026-05-13T22:49:35.946189"
}